Kind,Event Type,Event status,Event Date,Weekday,Year Doors Open,Month (friendly),Quarter (friendly),Days on sale,Genre,Visitor capacity,Sellable quantity,Total area capacity,Area count,Visitor forecast,Ticket forecast,EST launch - tickets,Event Cost FORECAST,Total Margin FORECAST,Result FORECAST,Total Visitors,ACT - total tickets (incl. door),Predicted Sales,Ticket occupancy_clean,Ticket Sales progression_clean,Time duration_clean,EST launch - ticketing revenue_clean,EST launch - average ticket pricing_clean,EST launch - bar revenue_clean,EST launch - total sales_clean,Event Result FORECAST_clean,ACT - total ticketing revenue_clean,Event Result ACTUALS_clean,Artist Costs_clean,Artist Cost FORECAST_clean,Artist budget_clean,genre_clean,cost_per_capacity,is_weekend,is_saturday,quarter,is_summer,profit,revenue,visitors
intern,Regulier,Confirmed,3/1/2024 12:00am,Friday,2024,March,Q1,914,,1300.0,,0,1,1040,0,1015,17701,€5.330,10,992,981,,0.8,0.65,7.0,24867.0,24.5,18270.0,45249.0,10010.0,18722.0,8734.0,14972.5,15000.0,,unknown,9.981666666666667,1,0,1,0,8734.0,18722.0,992
intern,Regulier,Confirmed,3/23/2024 12:00am,Saturday,2024,March,Q1,892,,1300.0,,0,1,910,0,1160,18484,€11.520,8329,893,930,,0.7,0.61,7.0,28420.0,24.5,20880.0,51713.0,18329.0,17817.0,14551.0,11850.0,12000.0,,unknown,7.9,1,1,1,0,14551.0,17817.0,893
intern,Regulier,Confirmed,3/31/2024 12:00am,Sunday,2024,March,Q1,876,,,,0,4,0,0,1700,21400,€17.400,22136,1990,1891,,,1.11,18.0,41650.0,24.5,30600.0,75786.0,32136.0,63007.0,36853.0,21805.0,18000.0,,unknown,14.536666666666667,1,0,1,0,36853.0,63007.0,1990
intern,Regulier,Confirmed,4/12/2024 12:00am,Friday,2024,April,Q2,872,,1450.0,,0,1,1450,0,1305,19267,€28.710,20647,1563,1530,,1.0,1.02,7.0,31973.0,24.5,23490.0,58177.0,35647.0,31088.0,26206.0,6440.0,,,unknown,4.293333333333333,1,0,2,1,26206.0,31088.0,1563
intern,Regulier,Confirmed,4/13/2024 12:00am,Saturday,2024,April,Q2,871,,1450.0,,0,2,1015,0,1305,19267,€28.710,20647,584,636,,0.7,0.41,9.0,31973.0,24.5,23490.0,58177.0,35647.0,10638.0,1749.0,8590.0,,,unknown,5.726666666666667,1,1,2,1,1749.0,10638.0,584
intern,Regulier,Confirmed,4/27/2024 12:00am,Saturday,2024,April,Q2,857,,2000.0,,0,4,2000,0,1800,21940,€39.600,38804,1974,2084,,1.0,1.04,17.0,44100.0,24.5,32400.0,80244.0,53804.0,49836.0,46750.0,18070.0,,,unknown,12.046666666666667,1,1,2,1,46750.0,49836.0,1974
intern,Regulier,Confirmed,5/10/2024 12:00am,Friday,2024,May,Q2,821,,1700.0,,0,3,1190,0,1360,19564,€29.920,31483,1205,1253,,0.7,0.72,14.0,33320.0,24.5,24480.0,62629.0,39665.0,27236.0,-2489.0,23700.0,,,unknown,15.8,1,0,2,1,-2489.0,27236.0,1205
intern,Regulier,Confirmed,5/12/2024 12:00am,Sunday,2024,May,Q2,842,,1450.0,,0,2,870,0,700,16000,€15.400,5274,766,708,,0.6,0.68,12.0,17150.0,24.5,12600.0,31206.0,13456.0,13646.0,-6975.0,9380.0,,,unknown,6.253333333333333,1,0,2,1,-6975.0,13646.0,766
intern,Regulier,Confirmed,5/25/2024 12:00am,Saturday,2024,May,Q2,829,,2051.0,,0,4,2051,0,2000,23020,€44.000,52958,1986,2027,,1.0,1.01,15.0,49000.0,24.5,36000.0,89160.0,61140.0,51459.0,42365.0,25337.5,,,unknown,16.891666666666666,1,1,2,1,42365.0,51459.0,1986
intern,Regulier,Confirmed,5/26/2024 12:00am,Sunday,2024,May,Q2,828,,1450.0,,0,2,725,0,870,16918,€19.140,11510,417,386,,0.5,0.24,11.0,21315.0,24.5,15660.0,38785.0,19692.0,7030.0,-5349.0,7100.0,,,unknown,4.733333333333333,1,0,2,1,-5349.0,7030.0,417
intern,Regulier,Confirmed,6/1/2024 12:00am,Saturday,2024,,Q2,822,,1700.0,,0,3,1530,0,0,12220,€0,-12220,652,660,,0.9,0.4,6.0,0.0,,0.0,0.0,-12220.0,11106.0,5191.0,9470.0,,,unknown,6.3133333333333335,1,1,2,1,5191.0,11106.0,652
intern,Regulier,Confirmed,6/23/2024 12:00am,Sunday,2024,,Q2,800,,1450.0,,0,1,1305,0,1305,19267,€28.710,28147,918,954,,0.9,0.65,9.0,31973.0,24.5,23490.0,58177.0,35647.0,20951.0,14469.0,9117.5,,,unknown,6.078333333333333,1,0,2,1,14469.0,20951.0,918
intern,Regulier,Confirmed,7/7/2024 12:00am,Sunday,2024,July,Q3,786,,1450.0,,0,2,725,0,870,16918,€19.140,19692,286,244,,0.5,0.16,11.0,21315.0,24.5,15660.0,38785.0,19692.0,4156.0,-10962.0,7075.0,,,unknown,4.716666666666667,1,0,3,1,-10962.0,4156.0,286
intern,Regulier,Confirmed,7/13/2024 12:00am,Saturday,2024,July,Q3,800,,1700.0,,0,2,1700,0,1530,20482,€33.660,43900,2105,2000,,1.0,1.18,15.0,37485.0,24.5,27540.0,68207.0,43900.0,50072.0,8952.0,9505.0,,,unknown,6.336666666666667,1,1,3,1,8952.0,50072.0,2105
intern,Regulier,Confirmed,7/19/2024 12:00am,Friday,2024,July,Q3,774,,1450.0,,0,2,1160,0,1015,17701,€22.330,25010,754,747,,0.8,0.48,7.0,24867.0,24.5,18270.0,45249.0,25010.0,13936.0,7124.0,11395.0,,,unknown,7.596666666666667,1,0,3,1,7124.0,13936.0,754
intern,Regulier,Confirmed,7/20/2024 12:00am,Saturday,2024,July,Q3,773,,1450.0,,0,1,0,0,1160,18484,€25.520,30329,319,390,,0.0,0.26,8.0,28420.0,24.5,20880.0,51713.0,30329.0,7575.0,-6099.0,11650.0,,,unknown,7.766666666666667,1,1,3,1,-6099.0,7575.0,319
intern,Regulier,Confirmed,7/27/2024 12:00am,Saturday,2024,July,Q3,766,,1450.0,,0,1,1160,0,1360,19564,€29.920,37665,675,653,,0.8,0.38,8.0,33320.0,24.5,24480.0,60629.0,37665.0,13016.0,211.0,10515.0,,,unknown,7.01,1,1,3,1,211.0,13016.0,675
intern,Regulier,Confirmed,8/17/2024 12:00am,Saturday,2024,August,Q3,745,,3000.0,,0,4,2400,0,1800,21940,€39.600,53804,2213,2162,,0.8,1.01,24.0,44100.0,24.5,32400.0,80244.0,53804.0,64218.0,28972.0,1800.0,,,unknown,1.2,1,1,3,1,28972.0,64218.0,2213
intern,Regulier,Confirmed,8/31/2024 12:00am,Saturday,2024,August,Q3,731,,1700.0,,0,3,1530,0,1530,20482,€33.660,43900,1762,1714,,0.9,0.93,15.0,37485.0,24.5,27540.0,68207.0,43900.0,39981.0,13798.0,21350.0,,,unknown,14.233333333333333,1,1,3,1,13798.0,39981.0,1762
intern,Regulier,Confirmed,9/8/2024 12:00am,Sunday,2024,September,Q3,723,,1450.0,,0,2,725,0,1360,19564,€29.920,37665,237,202,,0.5,0.11,-157.0,33320.0,24.5,24480.0,60629.0,37665.0,2781.0,-14142.0,7302.5,,,unknown,4.868333333333333,1,0,3,1,-14142.0,2781.0,237
intern,Regulier,Confirmed,9/14/2024 12:00am,Saturday,2024,September,Q3,717,,1700.0,,0,2,1530,0,870,16918,€19.140,19692,1460,1539,,0.9,1.01,-6181.0,21315.0,24.5,15660.0,38785.0,19692.0,34245.0,17504.0,16250.0,,,unknown,10.833333333333334,1,1,3,1,17504.0,34245.0,1460
intern,Regulier,Confirmed,9/14/2024 12:00am,Saturday,2024,September,Q3,717,,1450.0,,0,1,1450,0,1450,20050,€31.900,40966,1532,1546,,1.0,1.07,9.0,35525.0,24.5,26100.0,64641.0,40966.0,41505.0,27551.0,17500.0,,,unknown,11.666666666666666,1,1,3,1,27551.0,41505.0,1532
intern,Regulier,Confirmed,9/15/2024 12:00am,Sunday,2024,September,Q3,716,,1450.0,,0,2,725,0,290,13786,€6.380,-1583,267,220,,0.5,0.15,11.0,7105.0,24.5,5220.0,12928.0,-1583.0,3114.0,-10514.0,8510.0,,,unknown,5.673333333333333,1,0,3,1,-10514.0,3114.0,267
intern,Regulier,Confirmed,9/20/2024 12:00am,Friday,2024,September,Q3,681,,1700.0,,0,1,1530,0,653,15744,€14.355,11714,692,648,,0.9,0.39,11.0,15986.0,24.5,11745.0,29088.0,11714.0,10744.0,-828.0,7517.5,,,unknown,5.011666666666667,1,0,3,1,-828.0,10744.0,692
intern,Regulier,Confirmed,9/29/2024 12:00am,Sunday,2024,September,Q3,702,,1450.0,,0,2,870,0,850,16810,€18.700,18958,269,245,,0.6,0.14,12.0,20825.0,24.5,15300.0,37893.0,18958.0,4050.0,-11430.0,9152.5,,,unknown,6.101666666666667,1,0,3,1,-11430.0,4050.0,269
intern,Regulier,Confirmed,10/4/2024 12:00am,Friday,2024,October,Q4,697,,1500.0,,0,1,0,0,725,12220,€15.950,5238,643,646,,,0.41,7.0,17763.0,24.5,0.0,19271.0,5238.0,11495.0,3397.0,8065.0,,,unknown,5.376666666666667,1,0,4,0,3397.0,11495.0,643
intern,Regulier,Confirmed,10/17/2024 12:00am,Thursday,2024,October,Q4,684,,1900.0,,0,2,1900,0,1530,20482,€33.660,43900,1492,1405,,1.0,0.82,10.0,37485.0,24.5,27540.0,68207.0,43900.0,40870.0,11347.0,12790.0,,,unknown,8.526666666666667,0,0,4,0,11347.0,40870.0,1492
intern,Regulier,Confirmed,10/18/2024 12:00am,Friday,2024,October,Q4,683,,1900.0,,0,2,1900,0,1530,20482,€33.660,43900,1719,1682,,1.0,0.99,9.0,37485.0,24.5,27540.0,68207.0,43900.0,52433.0,44177.0,17880.0,,,unknown,11.92,1,0,4,0,44177.0,52433.0,1719
intern,Regulier,Confirmed,10/19/2024 12:00am,Saturday,2024,October,Q4,682,,1900.0,,0,2,1900,0,1530,20482,€33.660,43900,1779,1694,,1.0,1.0,8.0,37485.0,24.5,27540.0,68207.0,43900.0,54297.0,32372.0,13117.5,,,unknown,8.745,1,1,4,0,32372.0,54297.0,1779
intern,Regulier,Confirmed,10/19/2024 12:00am,Saturday,2024,October,Q4,682,,1900.0,,0,2,1900,0,1800,21940,€39.600,53804,1714,1652,,1.0,0.83,9.0,44100.0,24.5,32400.0,80244.0,53804.0,49763.0,29370.0,12830.0,,,unknown,8.553333333333333,1,1,4,0,29370.0,49763.0,1714
intern,Regulier,Confirmed,10/20/2024 12:00am,Sunday,2024,October,Q4,681,,1900.0,,0,4,1900,0,1530,20482,€33.660,43900,1877,1773,,1.0,1.03,18.0,37485.0,24.5,27540.0,68207.0,43900.0,60282.0,13611.0,23890.0,,,unknown,15.926666666666666,1,0,4,0,13611.0,60282.0,1877
intern,Regulier,Confirmed,10/26/2024 12:00am,Saturday,2024,October,Q4,675,,1500.0,,0,2,1050,0,725,12220,€15.950,5238,870,834,,0.7,0.54,8.0,17763.0,24.5,0.0,19271.0,5238.0,16411.0,11504.0,3450.0,,,unknown,2.3,1,1,4,0,11504.0,16411.0,870
intern,Regulier,Confirmed,11/1/2024 12:00am,Friday,2024,November,Q4,669,,1500.0,,0,1,1050,0,1015,17701,€22.330,25010,755,740,,0.7,0.47,7.0,24867.0,24.5,18270.0,45249.0,25010.0,13634.0,29.0,14450.0,,,unknown,9.633333333333333,1,0,4,0,29.0,13634.0,755
intern,Regulier,Confirmed,11/9/2024 12:00am,Saturday,2024,November,Q4,661,,1500.0,,0,1,1200,0,1015,17701,€22.330,25010,693,726,,0.8,0.48,7.0,24867.0,24.5,18270.0,45249.0,25010.0,12714.0,4147.0,13212.5,,,unknown,8.808333333333334,1,1,4,0,4147.0,12714.0,693
intern,Regulier,Confirmed,11/10/2024 12:00am,Sunday,2024,November,Q4,660,,500.0,,0,1,350,0,0,12220,€0,-12220,255,228,,0.7,,10.0,0.0,,0.0,0.0,-12220.0,2634.0,-8544.0,4772.5,,,unknown,3.1816666666666666,1,0,4,0,-8544.0,2634.0,255
intern,Regulier,Confirmed,11/16/2024 12:00am,Saturday,2024,November,Q4,654,,1500.0,,0,3,1050,0,870,16918,€19.140,19692,1626,1577,,0.7,1.03,7.0,21315.0,24.5,15660.0,38785.0,19692.0,30040.0,23492.0,15120.0,,,unknown,10.08,1,1,4,0,23492.0,30040.0,1626
intern,Regulier,Confirmed,11/22/2024 12:00am,Friday,2024,November,Q4,648,,1500.0,,0,2,1350,0,1530,20482,€33.660,43900,1119,1142,,0.9,0.64,6.0,37485.0,24.5,27540.0,68207.0,43900.0,21641.0,24630.0,11500.0,,,unknown,7.666666666666667,1,0,4,0,24630.0,21641.0,1119
intern,Regulier,Confirmed,11/23/2024 12:00am,Saturday,2024,November,Q4,647,,1500.0,,0,1,975,0,1015,12220,€22.330,12221,741,747,,0.65,0.48,7.0,24867.0,24.5,0.0,26979.0,12221.0,13238.0,7194.0,17100.0,,,unknown,11.4,1,1,4,0,7194.0,13238.0,741
intern,Regulier,Confirmed,11/24/2024 12:00am,Sunday,2024,November,Q4,646,,1500.0,,0,1,750,0,0,12220,€0,-12220,265,287,,0.5,,10.0,0.0,,0.0,0.0,-12220.0,4938.0,-4232.0,5405.0,,,unknown,3.6033333333333335,1,0,4,0,-4232.0,4938.0,265
intern,Regulier,Confirmed,11/29/2024 12:00am,Friday,2024,November,Q4,641,,1500.0,,0,2,1500,0,1015,17701,€22.330,25010,1758,1701,,1.0,1.17,7.0,24867.0,24.5,18270.0,45249.0,25010.0,39175.0,41526.0,22000.0,,,unknown,14.666666666666666,1,0,4,0,41526.0,39175.0,1758
intern,Regulier,Confirmed,12/7/2024 12:00am,Saturday,2024,December,Q4,633,,1500.0,,0,1,1200,0,1015,17701,€22.330,25010,1470,1517,,0.8,1.02,7.0,24867.0,24.5,18270.0,45249.0,25010.0,32670.0,29759.0,8100.0,,,unknown,5.4,1,1,4,0,29759.0,32670.0,1470
intern,Regulier,Confirmed,12/14/2024 12:00am,Saturday,2024,December,Q4,536,,1500.0,,0,1,1050,0,1305,19267,€28.710,35647,1010,1012,,0.7,0.66,9.0,31973.0,24.5,23490.0,58177.0,35647.0,17286.0,7759.0,10610.0,,,unknown,7.073333333333333,1,1,4,0,7759.0,17286.0,1010
intern,Regulier,Confirmed,12/20/2024 12:00am,Friday,2024,December,Q4,620,,1500.0,,0,1,1500,0,1305,19267,€28.710,35647,1506,1500,,1.0,1.03,7.0,31973.0,24.5,23490.0,58177.0,35647.0,35046.0,43089.0,17675.0,,,unknown,11.783333333333333,1,0,4,0,43089.0,35046.0,1506
intern,Regulier,Confirmed,12/27/2024 12:00am,Friday,2024,December,Q4,613,,1500.0,,0,1,900,0,870,16918,€19.140,19692,615,564,,0.6,0.38,7.0,21315.0,24.5,15660.0,38785.0,19692.0,10749.0,8504.0,13700.0,,,unknown,9.133333333333333,1,0,4,0,8504.0,10749.0,615
intern,Regulier,Confirmed,12/29/2024 12:00am,Sunday,2024,December,Q4,611,,1500.0,,0,1,900,0,1530,20482,€33.660,43900,511,438,,0.6,0.21,7.0,37485.0,24.5,27540.0,68207.0,43900.0,3376.0,-9669.0,10210.0,,,unknown,6.806666666666667,1,0,4,0,-9669.0,3376.0,511
intern,Regulier,Confirmed,1/1/2025 12:00am,Wednesday,2025,January,Q1,608,progressieve techno,2000.0,2000.0,0,4,2000,2000,1900,22480,€20.106,22819,1950,1933,,1.0,1.01,20.0,47500.0,25.0,34200.0,85652.0,38444.0,60219.0,14528.0,20598.0,19978.0,,techno,10.299,0,0,1,0,14528.0,60219.0,1950
intern,Regulier,Confirmed,1/5/2025 12:00am,Sunday,2025,January,Q1,604,progressieve techno,,,0,1,0,0,320,12661,€2.200,-23951,147,116,,,0.29,-1461.0,8000.0,25.0,1469.0,10134.0,-8326.0,2880.0,2826.0,800.0,5000.0,,techno,0.5333333333333333,1,0,1,0,2826.0,2880.0,147
intern,Regulier,Confirmed,1/11/2025 12:00am,Saturday,2025,January,Q1,598,progressieve techno,500.0,500.0,0,1,450,450,320,14332,€2.200,-20051,205,214,,0.9,0.47,7.0,8000.0,25.0,7040.0,15706.0,-4426.0,2892.0,-621.0,2950.0,5000.0,,techno,5.9,1,1,1,0,-621.0,2892.0,205
intern,Regulier,Confirmed,1/24/2025 12:00am,Friday,2025,January,Q1,585,left field house & techno,1450.0,1450.0,0,2,1160,1160,1378,19659,€13.194,7370,1315,1366,,0.8,0.9,7.0,34438.0,25.0,24795.0,62098.0,22995.0,28826.0,24900.0,13950.0,16000.0,,techno,9.620689655172415,1,0,1,0,24900.0,28826.0,1315
intern,Regulier,Confirmed,1/31/2025 12:00am,Friday,2025,January,Q1,578,Bounce / trance,1500.0,1450.0,0,3,1200,1160,1015,17701,€9.037,-2107,999,995,,0.8,0.66,7.0,25375.0,25.0,18270.0,45756.0,13518.0,20430.0,20458.0,15000.0,12000.0,,commercial,10.344827586206897,1,0,1,0,20458.0,20430.0,999
intern,Regulier,Confirmed,2/14/2025 12:00am,Friday,2025,February,Q1,564,commerciele old school techno,1500.0,1450.0,0,2,1200,1160,1200,18700,€9.605,-706,1126,1195,,0.8,0.78,7.0,30000.0,25.0,21600.0,54096.0,17151.0,25314.0,19137.0,13600.0,15245.0,,techno,9.379310344827585,1,0,1,0,19137.0,25314.0,1126
intern,Regulier,Confirmed,2/15/2025 12:00am,Saturday,2025,February,Q1,563,Bounce / trance,1900.0,1700.0,0,3,1900,1700,1750,21670,€6.425,2988,1816,1700,,1.0,0.97,7.0,43750.0,25.0,31500.0,78890.0,20845.0,50688.0,34666.0,13265.0,32000.0,,commercial,7.802941176470588,1,1,1,0,34666.0,50688.0,1816
intern,Regulier,Confirmed,2/21/2025 12:00am,Friday,2025,February,Q1,557,commerciele new school techno,1450.0,1450.0,0,1,1233,1233,1138,18363,€5.719,-5860,1285,1292,,0.85,0.67,9.0,28438.0,25.0,20475.0,51279.0,11997.0,28053.0,19894.0,15000.0,18075.0,,techno,10.344827586206897,1,0,1,0,19894.0,28053.0,1285
intern,Regulier,Confirmed,2/22/2025 12:00am,Saturday,2025,February,Q1,556,Melodic commercieel,1500.0,1450.0,0,2,1500,1450,1450,20050,€11.300,5759,1504,1535,,1.0,1.05,7.0,36250.0,25.0,26100.0,65366.0,23616.0,35670.0,24893.0,15000.0,18075.0,,melodic,10.344827586206897,1,1,1,0,24893.0,35670.0,1504
intern,Regulier,Confirmed,2/28/2025 12:00am,Friday,2025,February,Q1,550,techno,1900.0,1700.0,0,1,1710,1530,1450,20050,€10.825,3834,1537,1502,,0.9,1.04,7.0,36250.0,25.0,26100.0,65366.0,21691.0,38858.0,28110.0,22000.0,20000.0,,techno,12.941176470588236,1,0,1,0,28110.0,38858.0,1537
intern,Regulier,Confirmed,3/1/2025 12:00am,Saturday,2025,March,Q1,549,techno,1450.0,1450.0,0,1,1450,1450,1125,17283,€4.113,-4644,1217,1090,,1.0,0.7,-2873.0,28125.0,25.0,16875.0,47340.0,9245.0,31843.0,21866.0,17765.0,18000.0,,techno,12.251724137931035,1,1,1,0,21866.0,31843.0,1217
intern,Regulier,Confirmed,3/7/2025 12:00am,Friday,2025,March,Q1,543,,1500.0,1450.0,0,3,0,0,900,17080,€2.000,-7647,564,618,,,0.39,7.0,22500.0,25.0,16200.0,40572.0,6242.0,12805.0,-3197.0,13254.0,15000.0,,unknown,9.140689655172414,1,0,1,0,-3197.0,12805.0,564
intern,Regulier,Confirmed,3/14/2025 12:00am,Friday,2025,March,Q1,536,tech house,500.0,1450.0,0,2,500,1450,870,16396,€5.775,-6980,1349,1369,,1.0,0.94,7.0,21750.0,25.0,13920.0,37480.0,6909.0,29953.0,34729.0,4925.0,12000.0,,house,3.396551724137931,1,0,1,0,34729.0,29953.0,1349
intern,Regulier,Confirmed,3/22/2025 12:00am,Saturday,2025,March,Q1,528,Bounce / trance,1500.0,1450.0,0,2,1200,1160,1450,20050,€15.825,12802,1541,1610,,0.8,1.11,7.0,36250.0,25.0,26100.0,65366.0,26691.0,40105.0,34587.0,15000.0,15000.0,,commercial,10.344827586206897,1,1,1,0,34587.0,40105.0,1541
intern,Regulier,Confirmed,3/28/2025 12:00am,Friday,2025,March,Q1,522,"""techno, Melodic""",1900.0,1700.0,0,1,1520,1360,0,12220,€0,-12220,923,902,,0.8,,7.0,0.0,25.0,0.0,0.0,-12220.0,14435.0,13075.0,15370.0,,,techno,9.041176470588235,1,0,1,0,13075.0,14435.0,923
intern,Regulier,Confirmed,3/29/2025 12:00am,Saturday,2025,March,Q1,521,afro house,1500.0,1350.0,0,2,1500,1350,1450,20920,€15.825,14832,1482,1528,,1.0,1.03,6.0,36250.0,25.0,29000.0,68266.0,28721.0,35270.0,32683.0,4000.0,15000.0,,house,2.962962962962963,1,1,1,0,32683.0,35270.0,1482
intern,Regulier,Confirmed,4/4/2025 12:00am,Friday,2025,April,Q2,515,techno,1500.0,1450.0,0,2,1500,1450,1450,20050,€7.625,-1166,1566,1601,,1.0,1.09,7.0,36250.0,25.0,26100.0,65366.0,16691.0,46688.0,32279.0,22000.0,25000.0,,techno,15.172413793103448,1,0,2,1,32279.0,46688.0,1566
intern,Regulier,Confirmed,4/12/2025 12:00am,Saturday,2025,April,Q2,507,Bounce / trance,1500.0,1450.0,0,1,1200,1160,1350,19510,€13.575,5116,1570,1540,,0.8,1.03,7.0,33750.0,25.0,24300.0,60858.0,22973.0,36543.0,31587.0,11895.0,15000.0,,commercial,8.203448275862069,1,1,2,1,31587.0,36543.0,1570
intern,Regulier,Confirmed,4/20/2025 12:00am,Sunday,2025,April,Q2,499,techno,2000.0,,0,5,2000,0,2000,23020,€21.200,22283,2039,1968,,1.0,0.97,19.0,50000.0,25.0,36000.0,90160.0,40140.0,67608.0,34209.0,21885.0,22000.0,,techno,14.59,1,0,2,1,34209.0,67608.0,2039
intern,Regulier,Confirmed,4/25/2025 12:00am,Friday,2025,April,Q2,494,"""tech house, minimal house""",1500.0,1450.0,0,2,1500,1450,1200,18700,€7.700,-2961,1461,1475,,1.0,0.93,7.0,30000.0,25.0,21600.0,54096.0,14896.0,33246.0,20511.0,12487.5,17500.0,,house,8.612068965517242,1,0,2,1,20511.0,33246.0,1461
intern,Regulier,Confirmed,4/26/2025 12:00am,Saturday,2025,April,Q2,493,left field house & techno,2000.0,,0,4,2000,0,1530,20482,-€7.375,-13192,2299,2407,,1.0,1.4,15.0,38250.0,25.0,27540.0,68972.0,4665.0,66194.0,46897.0,31840.0,40000.0,,techno,21.226666666666667,1,1,2,1,46897.0,66194.0,2299
intern,Regulier,Confirmed,5/3/2025 12:00am,Saturday,2025,May,Q2,486,techno,1700.0,2000.0,0,5,1530,1800,1200,18700,€200,-3021,1985,1986,,0.9,1.27,15.0,30000.0,25.0,21600.0,54096.0,7396.0,50631.0,52491.0,26925.0,25000.0,,techno,13.4625,1,1,2,1,52491.0,50631.0,1985
intern,Regulier,Confirmed,5/10/2025 12:00am,Saturday,2025,May,Q2,479,left field house & techno,1500.0,1450.0,0,2,900,870,1050,17890,€8.625,1402,863,877,,0.6,0.57,33.0,26250.0,25.0,18900.0,47334.0,11819.0,19762.0,7104.0,12180.0,15000.0,,techno,8.4,1,1,2,1,7104.0,19762.0,863
intern,Regulier,Confirmed,5/11/2025 12:00am,Sunday,2025,May,Q2,478,Bounce / trance,1500.0,1450.0,0,2,1200,1160,1050,17890,€23.625,21402,557,576,,0.8,0.38,9.0,26250.0,25.0,18900.0,52334.0,31819.0,11919.0,483.0,18200.0,0.0,,commercial,12.551724137931034,1,0,2,1,483.0,11919.0,557
intern,Regulier,Confirmed,5/23/2025 12:00am,Friday,2025,May,Q2,466,,1500.0,1450.0,0,1,1500,1450,1050,17890,€6.825,1402,552,511,,1.0,0.31,7.0,26250.0,25.0,18900.0,47334.0,11819.0,12722.0,1644.0,11800.0,15000.0,,unknown,8.137931034482758,1,0,2,1,1644.0,12722.0,552
intern,Regulier,Confirmed,5/24/2025 12:00am,Saturday,2025,May,Q2,465,,2000.0,2000.0,0,3,2000,2000,720,16108,€14.400,4133,2053,2100,,1.0,2.53,15.0,18000.0,25.0,12960.0,32458.0,14550.0,56903.0,48869.0,28450.0,,,unknown,14.225,1,1,2,1,48869.0,56903.0,2053
intern,Regulier,Confirmed,5/25/2025 12:00am,Sunday,2025,May,Q2,464,Melodic,,1450.0,0,2,0,0,900,17080,€20.250,15825,441,497,,,0.32,9.0,22500.0,25.0,16200.0,45572.0,26242.0,10239.0,-10731.0,13500.0,0.0,,melodic,9.310344827586206,1,0,2,1,-10731.0,10239.0,441
intern,Regulier,Confirmed,5/31/2025 12:00am,Saturday,2025,May,Q2,458,techno,,1450.0,0,1,0,0,1400,19780,€14.700,14415,735,660,,,0.33,-18.0,35000.0,25.0,25200.0,63112.0,24832.0,13591.0,4848.0,9870.0,15000.0,,techno,6.8068965517241375,1,1,2,1,4848.0,13591.0,735
intern,Regulier,Confirmed,6/13/2025 12:00am,Friday,2025,,Q2,445,left field house & techno,,,0,2,0,0,1360,19564,€30.600,27720,530,535,,,0.29,12.0,34000.0,25.0,24480.0,66309.0,43345.0,10155.0,-5665.0,9047.5,0.0,,techno,6.031666666666666,1,0,2,1,-5665.0,10155.0,530
intern,Regulier,Confirmed,6/14/2025 12:00am,Saturday,2025,,Q2,444,Bounce / trance,1500.0,1450.0,0,2,1200,1160,900,17080,€20.250,8117,2097,2108,,0.8,1.37,-9.0,22500.0,25.0,16200.0,43072.0,23742.0,53789.0,60087.0,18500.0,0.0,,commercial,12.758620689655173,1,1,2,1,60087.0,53789.0,2097
intern,Regulier,Confirmed,7/12/2025 12:00am,Saturday,2025,July,Q3,416,"""Melodic, techno""",1600.0,1450.0,0,1,1040,943,1200,18700,€10.000,1771,915,1024,,0.65,0.67,8.0,30000.0,25.0,21600.0,54096.0,17396.0,23141.0,10317.0,16807.5,15000.0,,techno,11.591379310344827,1,1,3,1,10317.0,23141.0,915
intern,Regulier,Confirmed,7/13/2025 12:00am,Sunday,2025,July,Q3,415,commerciele new school techno,1600.0,1450.0,0,1,1120,1015,1400,19780,€18.500,14207,1100,1091,,0.7,0.61,9.0,35000.0,25.0,25200.0,63112.0,29832.0,24952.0,5363.0,20360.0,10000.0,,techno,14.041379310344828,1,0,3,1,5363.0,24952.0,1100
intern,Regulier,Confirmed,7/26/2025 12:00am,Saturday,2025,July,Q3,402,Commercieel,2000.0,1800.0,0,3,1800,1620,1275,19105,€28.688,24560,1577,1541,,0.9,1.02,8.0,31875.0,25.0,22950.0,62477.0,40185.0,35241.0,35496.0,9920.0,,,commercial,5.511111111111111,1,1,3,1,35496.0,35241.0,1577
intern,Regulier,Confirmed,8/2/2025 12:00am,Saturday,2025,August,Q3,395,left field house & techno,2200.0,2000.0,0,1,1980,1800,1575,20725,€35.438,38005,804,1945,,0.9,1.1,9.0,39375.0,25.0,28350.0,71001.0,46339.0,9821.0,3118.0,3279.0,,,techno,1.6395,1,1,3,1,3118.0,9821.0,804
intern,Regulier,Confirmed,8/8/2025 12:00am,Friday,2025,August,Q3,389,commerciele old school techno,1600.0,1450.0,0,2,1280,1160,960,17404,€7.600,3139,881,900,,0.8,0.68,7.0,24000.0,25.0,17280.0,43277.0,11473.0,21898.0,-3411.0,20850.0,12000.0,,techno,14.379310344827585,1,0,3,1,-3411.0,21898.0,881
intern,Regulier,Confirmed,8/16/2025 12:00am,Saturday,2025,August,Q3,381,progressieve techno,2500.0,2200.0,0,4,2500,2200,0,12220,€0,-20553,2539,2571,,1.0,,24.0,0.0,25.0,0.0,0.0,-12220.0,70364.0,15445.0,33295.0,,,techno,15.13409090909091,1,1,3,1,15445.0,70364.0,2539
intern,Regulier,Confirmed,8/29/2025 12:00am,Friday,2025,August,Q3,368,tech house,1600.0,1450.0,0,1,1360,1233,0,12220,€0,-30077,949,932,932.0,0.85,,-18.0,0.0,25.0,0.0,0.0,-12220.0,19029.0,3334.0,11525.0,,,house,7.948275862068965,1,0,3,1,3334.0,19029.0,949
intern,Regulier,Confirmed,8/29/2025 12:00am,Friday,2025,August,Q3,368,Commercieel,1600.0,1450.0,0,1,1600,1450,0,12220,€0,-30077,1470,1501,1621.0,1.0,,5.0,0.0,25.0,0.0,0.0,-12220.0,42164.0,34460.0,16790.0,,,commercial,11.579310344827586,1,0,3,1,34460.0,42164.0,1470
intern,Regulier,Confirmed,8/31/2025 12:00am,Sunday,2025,August,Q3,366,house,,,0,2,0,0,0,12220,€0,-30077,204,136,385.0,,,9.0,0.0,25.0,0.0,0.0,-12220.0,2530.0,-18402.0,7745.0,,,house,5.163333333333333,1,0,3,1,-18402.0,2530.0,204
intern,Regulier,Confirmed,9/5/2025 12:00am,Friday,2025,September,Q3,361,afro house,1900.0,1700.0,0,1,1900,1700,0,12220,€0,-26109,797,754,675.0,1.0,,7.0,0.0,25.0,0.0,0.0,-12220.0,17046.0,-1204.0,13400.0,,,house,7.882352941176471,1,0,3,1,-1204.0,17046.0,797
intern,Regulier,Confirmed,9/13/2025 12:00am,Saturday,2025,September,Q3,353,progressieve techno,1900.0,1700.0,0,4,1710,1530,0,12220,€0,-26109,1663,1623,1413.0,0.9,,15.0,0.0,25.0,0.0,0.0,-12220.0,40031.0,13238.0,24845.0,,,techno,14.614705882352942,1,1,3,1,13238.0,40031.0,1663
intern,Regulier,Confirmed,9/14/2025 12:00am,Sunday,2025,September,Q3,352,"""afro house, house""",1600.0,1450.0,0,1,1280,1160,0,12220,€0,-26109,591,630,871.0,0.8,,9.0,0.0,25.0,0.0,0.0,-12220.0,14942.0,-5952.0,15000.0,,,house,10.344827586206897,1,0,3,1,-5952.0,14942.0,591
intern,Regulier,Confirmed,9/21/2025 12:00am,Sunday,2025,September,Q3,345,"""house, Bounce / trance""",1600.0,1450.0,0,1,960,870,0,12220,€0,-26109,283,292,,0.6,,10.0,0.0,25.0,0.0,0.0,-12220.0,4925.0,-7261.0,3750.0,,,house,2.586206896551724,1,0,3,1,-7261.0,4925.0,283
intern,Regulier,Confirmed,9/26/2025 12:00am,Friday,2025,September,Q3,340,techno,1600.0,1450.0,0,2,1440,1305,0,12220,€0,-27845,931,938,709.0,0.9,,7.0,0.0,25.0,0.0,0.0,-12220.0,20873.0,10315.0,16325.0,,,techno,11.258620689655173,1,0,3,1,10315.0,20873.0,931
intern,Regulier,Confirmed,9/27/2025 12:00am,Saturday,2025,September,Q3,339,left field house & techno,1450.0,1700.0,0,3,1160,1360,0,12220,€0,-27845,1422,1274,,0.8,,14.0,0.0,25.0,0.0,0.0,-12220.0,31391.0,9385.0,21632.5,,,techno,12.725,1,1,3,1,9385.0,31391.0,1422
intern,Regulier,Confirmed,10/4/2025 12:00am,Saturday,2025,October,Q4,332,"""tech house, minimal house""",1600.0,1450.0,0,1,1440,1305,0,12220,€0,-27845,1132,1079,,0.9,,7.0,0.0,25.0,0.0,0.0,-12220.0,19701.0,12623.0,12467.5,,,house,8.598275862068965,1,1,4,0,12623.0,19701.0,1132
intern,Regulier,Confirmed,10/22/2025 12:00am,Wednesday,2025,October,Q4,314,techno,1900.0,1600.0,0,3,1710,1440,0,12220,€0,-27845,862,820,,0.9,,7.0,0.0,25.0,0.0,0.0,-12220.0,23407.0,-6378.0,6560.0,,,techno,4.1,0,0,4,0,-6378.0,23407.0,862
intern,Regulier,Confirmed,10/24/2025 12:00am,Friday,2025,October,Q4,312,"""tech house, house""",1600.0,1450.0,0,4,1440,1305,0,12220,€0,-27845,861,1029,,0.9,,8.0,0.0,25.0,0.0,0.0,-12220.0,21572.0,-853.0,21487.5,,,house,14.818965517241379,1,0,4,0,-853.0,21572.0,861
intern,Regulier,Confirmed,10/24/2025 12:00am,Friday,2025,October,Q4,312,"""minimal house, left field house & techno""",1900.0,1600.0,0,3,1900,1600,0,12220,€0,-27845,1755,1700,,1.0,,8.0,0.0,25.0,0.0,0.0,-12220.0,58283.0,39839.0,20370.0,,,techno,12.73125,1,0,4,0,39839.0,58283.0,1755
intern,Regulier,Confirmed,10/25/2025 12:00am,Saturday,2025,October,Q4,311,Bounce / trance,1900.0,1600.0,0,3,1900,1600,0,12220,€0,-27845,1764,1692,,1.0,,8.0,0.0,25.0,0.0,0.0,-12220.0,60178.0,47225.0,9750.0,,,commercial,6.09375,1,1,4,0,47225.0,60178.0,1764
intern,Regulier,Confirmed,10/25/2025 12:00am,Saturday,2025,October,Q4,311,,1900.0,1600.0,0,4,1900,1600,0,12220,€0,-27845,1730,1650,,1.0,,9.0,0.0,25.0,0.0,0.0,-12220.0,56411.0,50507.0,22700.0,,,unknown,14.1875,1,1,4,0,50507.0,56411.0,1730
intern,Regulier,Confirmed,10/26/2025 12:00am,Sunday,2025,October,Q4,310,progressieve techno,2200.0,,0,5,2200,0,0,12220,€0,-27845,1966,1795,,1.0,,18.0,0.0,25.0,0.0,0.0,-12220.0,63552.0,21259.0,24819.0,,,techno,16.546,1,0,4,0,21259.0,63552.0,1966
intern,Regulier,Confirmed,11/1/2025 12:00am,Saturday,2025,November,Q4,304,Commercieel,1600.0,1450.0,0,2,1600,1450,0,12220,€0,-27845,902,992,841.0,1.0,,7.0,0.0,25.0,0.0,0.0,-12220.0,22043.0,9413.0,15000.0,,,commercial,10.344827586206897,1,1,4,0,9413.0,22043.0,902
intern,Regulier,Confirmed,11/15/2025 12:00am,Saturday,2025,November,Q4,290,techno,1600.0,1450.0,0,2,1280,1160,0,12220,€0,-12220,905,922,,0.8,,9.0,0.0,25.0,0.0,0.0,-12220.0,16004.0,3378.0,7990.0,,,techno,5.510344827586207,1,1,4,0,3378.0,16004.0,905
intern,Regulier,Confirmed,11/22/2025 12:00am,Saturday,2025,November,Q4,283,left field house & techno,1600.0,1450.0,0,2,1280,1160,0,12220,€0,-12220,1533,1629,1116.0,0.8,,7.0,0.0,25.0,0.0,0.0,-12220.0,33691.0,27323.0,15400.0,,,techno,10.620689655172415,1,1,4,0,27323.0,33691.0,1533
intern,Regulier,Confirmed,11/28/2025 12:00am,Friday,2025,November,Q4,277,,1900.0,1700.0,0,3,1900,1700,0,12220,€0,-12220,1323,1386,,1.0,,7.0,0.0,25.0,0.0,0.0,-12220.0,29912.0,11648.0,23650.0,,,unknown,13.911764705882353,1,0,4,0,11648.0,29912.0,1323
intern,Regulier,Confirmed,12/5/2025 12:00am,Friday,2025,December,Q4,270,"""UKG, Bounce / trance""",,,0,2,0,0,0,12220,€0,-12220,757,708,821.0,,,7.0,0.0,25.0,0.0,0.0,-12220.0,13980.0,4529.0,11970.0,,,commercial,7.98,1,0,4,0,4529.0,13980.0,757
intern,Regulier,Confirmed,12/7/2025 12:00am,Sunday,2025,December,Q4,268,Bounce / trance,1900.0,1700.0,0,3,1710,1530,0,12220,€0,-12220,1641,1700,1973.0,0.9,,9.0,0.0,25.0,0.0,0.0,-12220.0,38798.0,24060.0,10800.0,,,commercial,6.352941176470588,1,0,4,0,24060.0,38798.0,1641
intern,Regulier,Confirmed,12/13/2025 12:00am,Saturday,2025,December,Q4,262,"""minimal house, house""",1600.0,1450.0,0,2,1600,1450,0,12220,€0,-12220,1498,1486,1592.0,1.0,,9.0,0.0,25.0,0.0,0.0,-12220.0,44505.0,34080.0,31937.5,,,house,22.025862068965516,1,1,4,0,34080.0,44505.0,1498
intern,Regulier,Confirmed,12/19/2025 12:00am,Friday,2025,December,Q4,256,,1600.0,1500.0,0,2,1600,1500,0,12220,€0,-12220,1313,1418,848.0,1.0,,7.0,0.0,25.0,0.0,0.0,-12220.0,33612.0,17251.0,18000.0,,,unknown,12.0,1,0,4,0,17251.0,33612.0,1313
intern,Regulier,Confirmed,12/27/2025 12:00am,Saturday,2025,December,Q4,248,commerciele new school techno,1500.0,1500.0,0,2,1200,1200,0,12220,€0,-12220,1205,1304,780.0,0.8,,8.0,0.0,25.0,0.0,0.0,-12220.0,25705.0,14125.0,14980.0,,,techno,9.986666666666666,1,1,4,0,14125.0,25705.0,1205
intern,Regulier,Confirmed,12/31/2025 12:00am,Wednesday,2025,December,Q4,244,left field house & techno,1900.0,1700.0,0,3,1900,1700,0,12220,€0,-12220,1667,1700,,1.0,,8.0,0.0,25.0,0.0,0.0,-12220.0,71730.0,48506.0,17640.0,,,techno,10.376470588235295,0,0,4,0,48506.0,71730.0,1667
intern,Regulier,Confirmed,1/1/2026 12:00am,Thursday,2026,January,Q1,243,progressieve techno,1900.0,1900.0,0,5,1900,1900,2000,23020,€18.500,22740,1971,1922,,1.0,0.96,19.0,50000.0,25.0,36000.0,90160.0,37140.0,70771.0,33573.0,22980.0,25000.0,,techno,12.094736842105263,0,0,1,0,33573.0,70771.0,1971
intern,Regulier,Confirmed,1/10/2026 12:00am,Saturday,2026,January,Q1,234,progressieve techno,,,0,2,0,0,320,12220,€1.700,-22754,242,179,,,0.43,2.0,8000.0,25.0,0.0,8666.0,-8354.0,4139.0,-7861.0,4020.0,4000.0,,techno,2.68,1,1,1,0,-7861.0,4139.0,242
intern,Regulier,Confirmed,1/16/2026 12:00am,Friday,2026,January,Q1,228,progressieve techno,,,0,2,0,0,320,13948,€1.700,-18722,274,223,,,0.55,2.0,8000.0,25.0,5760.0,14426.0,-4322.0,5350.0,-3673.0,2770.0,4000.0,,techno,1.8466666666666667,1,0,1,0,-3673.0,5350.0,274
intern,Regulier,Confirmed,1/17/2026 12:00am,Saturday,2026,January,Q1,227,progressieve techno,,,0,2,0,0,900,17080,-€3.250,-15158,558,521,,,0.32,7.0,22500.0,25.0,16200.0,40572.0,-758.0,10303.0,-481.0,6120.0,22000.0,,techno,4.08,1,1,1,0,-481.0,10303.0,558
intern,Regulier,Confirmed,1/23/2026 12:00am,Friday,2026,January,Q1,221,Melodic commercieel,1600.0,1450.0,0,2,1600,1450,1200,18700,€14.100,6596,1072,1115,920.0,1.0,0.72,7.0,33600.0,28.0,21600.0,57696.0,20996.0,23283.0,13743.0,18100.0,15000.0,,melodic,12.482758620689655,1,0,1,0,13743.0,23283.0,1072
intern,Regulier,Confirmed,1/31/2026 12:00am,Saturday,2026,January,Q1,213,techno,1600.0,1500.0,0,2,1600,1500,1240,18916,€13.400,6483,1681,1550,1959.0,1.0,1.0,7.0,46500.0,37.5,22320.0,71399.0,20883.0,52615.0,34458.0,27100.0,28500.0,,techno,18.066666666666666,1,1,1,0,34458.0,52615.0,1681
intern,Regulier,Confirmed,2/6/2026 12:00am,Friday,2026,February,Q1,207,tech house,1600.0,1500.0,0,2,1440,1350,1240,18916,€7.600,683,1555,1537,1308.0,0.9,0.99,7.0,37200.0,30.0,22320.0,62099.0,15083.0,43841.0,31846.0,25000.0,25000.0,,house,16.666666666666668,1,0,1,0,31846.0,43841.0,1555
intern,Regulier,Confirmed,2/7/2026 12:00am,Saturday,2026,February,Q1,206,"""commerciele new school techno, techno""",1450.0,1500.0,0,2,1305,1350,1200,18700,€7.500,-4,1527,1585,943.0,0.9,1.03,490903.0,30000.0,25.0,21600.0,54096.0,14396.0,33562.0,22396.0,18720.0,18000.0,,techno,12.48,1,1,1,0,22396.0,33562.0,1527
intern,Regulier,Confirmed,2/8/2026 12:00am,Sunday,2026,February,Q1,205,Melodic,1600.0,1500.0,0,2,1440,1350,1240,18916,€4.400,-2517,1061,1168,791.0,0.9,0.75,8.0,31000.0,25.0,22320.0,55899.0,11883.0,26891.0,12051.0,22000.0,22000.0,,melodic,14.666666666666666,1,0,1,0,12051.0,26891.0,1061
intern,Regulier,Confirmed,2/14/2026 12:00am,Saturday,2026,February,Q1,199,commerciele old school techno,1700.0,1500.0,0,2,1530,1350,1200,18700,€7.500,-4,1542,1604,800.0,0.9,1.02,7.0,30000.0,25.0,21600.0,54096.0,14396.0,33750.0,26827.0,17500.0,18000.0,,techno,11.666666666666666,1,1,1,0,26827.0,33750.0,1542
intern,Regulier,Confirmed,2/21/2026 12:00am,Saturday,2026,February,Q1,192,left field house & techno,600.0,600.0,0,2,540,540,0,12220,€0,-12220,712,722,753.0,0.9,,7.0,0.0,,0.0,0.0,-12220.0,10256.0,4308.0,8360.0,,,techno,13.933333333333334,1,1,1,0,4308.0,10256.0,712
intern,Regulier,Confirmed,3/1/2026 12:00am,Sunday,2026,March,Q1,184,house,1650.0,1500.0,0,2,1650,1500,1200,18700,€7.500,-4,1474,1550,1102.0,1.0,1.03,8.0,30000.0,25.0,21600.0,54096.0,14396.0,37214.0,34626.0,13500.0,18000.0,,house,9.0,1,0,1,0,34626.0,37214.0,1474
intern,Regulier,Confirmed,3/6/2026 12:00am,Friday,2026,March,Q1,179,progressieve techno,1650.0,1500.0,0,2,1650,1500,1350,18700,€13.875,6683,1223,1296,,1.0,0.86,8.0,33750.0,25.0,21600.0,58158.0,21083.0,33385.0,7403.0,9695.0,15000.0,,techno,6.463333333333333,1,0,1,0,7403.0,33385.0,1223
intern,Regulier,Confirmed,3/7/2026 12:00am,Saturday,2026,March,Q1,178,progressieve techno,1650.0,1500.0,0,2,1650,1500,1500,20320,€17.250,14150,1575,1500,,1.0,1.0,10.0,37500.0,25.0,27000.0,67620.0,28550.0,44589.0,17719.0,14450.0,15000.0,,techno,9.633333333333333,1,1,1,0,17719.0,44589.0,1575
intern,Regulier,Confirmed,3/13/2026 12:00am,Friday,2026,March,Q1,172,Melodic commercieel,1650.0,1500.0,0,1,1650,1500,1200,18700,€10.500,2996,1472,1554,839.0,1.0,1.03,7.0,30000.0,25.0,21600.0,54096.0,17396.0,38514.0,27349.0,20290.0,15000.0,,melodic,13.526666666666667,1,0,1,0,27349.0,38514.0,1472
intern,Regulier,Confirmed,3/14/2026 12:00am,Saturday,2026,March,Q1,171,Bounce / trance,1650.0,1500.0,0,2,1650,1500,1200,18700,€5.500,-2004,1320,1332,,1.0,0.88,9.0,30000.0,25.0,21600.0,54096.0,12396.0,29542.0,38086.0,20250.0,20000.0,,commercial,13.5,1,1,1,0,38086.0,29542.0,1320
intern,Regulier,Confirmed,3/21/2026 12:00am,Saturday,2026,March,Q1,164,tech house,600.0,500.0,0,3,360,300,750,16270,-€4.845,-18955,709,728,652.0,0.6,0.46,7.0,13530.0,18.04,13500.0,28590.0,-4555.0,12618.0,1289.0,9940.0,15000.0,,house,19.88,1,1,1,0,1289.0,12618.0,709
intern,Regulier,Confirmed,3/28/2026 12:00am,Saturday,2026,March,Q1,157,Bounce / trance,600.0,500.0,0,3,360,300,750,15820,€13.125,10865,747,751,529.0,0.6,0.48,6.0,15000.0,20.0,12000.0,28560.0,10865.0,13113.0,4799.0,14044.0,,,commercial,28.088,1,1,1,0,4799.0,13113.0,747
intern,Regulier,Confirmed,3/29/2026 12:00am,Sunday,2026,March,Q1,156,house,1650.0,1500.0,0,2,1650,1500,1240,19660,€4.400,-781,908,1109,917.0,1.0,0.71,8.0,31000.0,25.0,24800.0,58379.0,13619.0,27063.0,16401.0,18937.5,22000.0,,house,12.625,1,0,1,0,16401.0,27063.0,908
intern,Regulier,Confirmed,4/5/2026 12:00am,Sunday,2026,April,Q2,149,progressieve techno,,,0,5,0,0,1600,20860,-€4.000,-2132,1866,1879,,,0.92,18.0,0.0,0.0,28800.0,37128.0,12268.0,66250.0,110657.0,21945.0,0.0,,techno,14.63,1,0,2,1,110657.0,66250.0,1866
intern,Regulier,Confirmed,4/10/2026 12:00am,Friday,2026,April,Q2,144,house,1450.0,1500.0,0,2,1450,1500,750,16270,€375,-13735,864,922,723.0,1.0,0.58,7.0,18750.0,25.0,13500.0,33810.0,665.0,17681.0,38233.0,17040.0,15000.0,,house,11.36,1,0,2,1,38233.0,17681.0,864
intern,Regulier,Confirmed,4/17/2026 12:00am,Friday,2026,April,Q2,137,progressieve techno,500.0,500.0,0,2,500,500,600,15460,€2.000,-14312,505,504,,1.0,0.67,7.0,15000.0,25.0,10800.0,27048.0,88.0,8501.0,17365.0,7360.0,10000.0,,techno,14.72,1,0,2,1,17365.0,8501.0,505
intern,Regulier,Confirmed,4/18/2026 12:00am,Saturday,2026,April,Q2,136,afro house,1650.0,1500.0,0,3,1155,1050,600,15460,-€3.000,-19312,928,933,749.0,0.7,1.1,7.0,15000.0,25.0,10800.0,27048.0,-4912.0,17667.0,40810.0,14480.0,15000.0,,house,9.653333333333334,1,1,2,1,40810.0,17667.0,928
intern,Regulier,Confirmed,4/25/2026 12:00am,Saturday,2026,April,Q2,129,techno,1500.0,1500.0,0,2,1050,1050,1550,20590,€30.334,26868,1224,1270,610.0,0.7,0.77,7.0,34209.0,22.07,27900.0,65333.0,40868.0,26555.0,50668.0,13220.0,,,techno,8.813333333333333,1,1,2,1,50668.0,26555.0,1224
intern,Regulier,Confirmed,4/26/2026 12:00am,Sunday,2026,April,Q2,128,tech house,,1500.0,0,4,0,1200,1360,19564,€25.401,20246,1830,1700,,0.8,1.0,7.0,30301.0,22.28,24480.0,57610.0,34646.0,38228.0,74949.0,11080.0,,,house,7.386666666666667,1,0,2,1,74949.0,38228.0,1830
intern,Regulier,Confirmed,4/27/2026 12:00am,Monday,2026,April,Q2,127,left field house & techno,1500.0,2000.0,0,4,1500,2000,1920,25756,€15.540,25998,2230,2412,,1.0,0.99,15.0,51840.0,27.0,45120.0,100954.0,40398.0,63333.0,122586.0,31960.0,30000.0,,techno,15.98,0,0,2,1,122586.0,63333.0,2230
intern,Regulier,Confirmed,5/1/2026 12:00am,Friday,2026,May,Q2,123,Melodic commercieel,1650.0,1500.0,0,2,1650,1500,1200,18700,€24.588,29984,1386,1462,1206.0,1.0,0.95,7.0,27588.0,22.99,21600.0,51684.0,29984.0,32794.0,61533.0,20000.0,,,melodic,13.333333333333334,1,0,2,1,61533.0,32794.0,1386
intern,Regulier,Confirmed,5/2/2026 12:00am,Saturday,2026,May,Q2,122,progressieve techno,1650.0,1500.0,0,4,1485,1350,1920,23164,€14.199,18609,1684,1619,1235.0,0.9,0.66,15.0,48499.0,25.26,36480.0,88973.0,33009.0,41183.0,85554.0,18890.0,28000.0,,techno,12.593333333333334,1,1,2,1,85554.0,41183.0,1684
intern,Regulier,Confirmed,5/8/2026 12:00am,Friday,2026,May,Q2,116,tech house,,1500.0,400,4,0,1050,1200,18700,€24.672,30068,1038,1147,951.0,0.7,0.72,-17.0,27672.0,23.06,21600.0,51768.0,30068.0,24631.0,48671.0,22400.0,,,house,14.933333333333334,1,0,2,1,48671.0,24631.0,1038
intern,Regulier,Confirmed,5/23/2026 12:00am,Saturday,2026,May,Q2,101,,2200.0,2000.0,0,3,2200,2000,1920,28348,€23.094,39599,1808,1863,866.0,1.0,0.75,15.0,54394.0,28.33,53760.0,112147.0,53999.0,49819.0,105895.0,25800.0,25000.0,,unknown,12.9,1,1,2,1,105895.0,49819.0,1808
